{
	"format_version": "1.12.0",
	"minecraft:geometry": [
		{
			"description": {
				"identifier": "geometry.unknown",
				"texture_width": 64,
				"texture_height": 64,
				"visible_bounds_width": 3,
				"visible_bounds_height": 4.5,
				"visible_bounds_offset": [0, 1.75, 0]
			},
			"bones": [
				{
					"name": "bipedHead",
					"pivot": [0, 24, 0]
				},
				{
					"name": "armorHead",
					"parent": "bipedHead",
					"pivot": [0, 24, 0],
					"cubes": [
						{
							"origin": [-4, 24, -4],
							"size": [8, 8, 8],
							"inflate": 0.65,
							"uv": {
								"north": {"uv": [8, 8], "uv_size": [8, 8]},
								"east": {"uv": [0, 8], "uv_size": [8, 8]},
								"south": {"uv": [24, 8], "uv_size": [8, 8]},
								"west": {"uv": [16, 8], "uv_size": [8, 8]},
								"up": {"uv": [16, 8], "uv_size": [-8, -8]},
								"down": {"uv": [24, 8], "uv_size": [-8, -8]}
							}
						}
					]
				},
				{
					"name": "hat",
					"parent": "armorHead",
					"pivot": [0, 32, 0],
					"rotation": [-5, 0, 0],
					"cubes": [
						{
							"origin": [-5, 31, -5],
							"size": [10, 3, 10],
							"uv": {
								"north": {"uv": [51, 11], "uv_size": [10, 3]},
								"east": {"uv": [51, 5], "uv_size": [10, 3]},
								"south": {"uv": [51, 8], "uv_size": [10, 3]},
								"west": {"uv": [51, 9], "uv_size": [10, 3]},
								"up": {"uv": [51, 3], "uv_size": [10, 10]}
							}
						},
						{
							"origin": [-8, 30, -8],
							"size": [16, 1, 16],
							"uv": {
								"north": {"uv": [64, 0], "uv_size": [-16, 1]},
								"east": {"uv": [64, 0], "uv_size": [-16, 1]},
								"south": {"uv": [48, 15], "uv_size": [16, 1]},
								"west": {"uv": [48, 15], "uv_size": [16, 1]},
								"up": {"uv": [64, 16], "uv_size": [-16, -16]},
								"down": {"uv": [64, 16], "uv_size": [-16, -16]}
							}
						},
						{
							"origin": [-3.25, 33.9, -3.25],
							"size": [6.5, 3, 7.5],
							"pivot": [-3, 34, -3.25],
							"rotation": [-2.5, 0, 0],
							"uv": {
								"north": {"uv": [37, 1], "uv_size": [6, 3]},
								"east": {"uv": [32, 1], "uv_size": [6, 3]},
								"south": {"uv": [42, 1], "uv_size": [6, 3]},
								"west": {"uv": [32, 1], "uv_size": [6, 3]}
							}
						}
					]
				},
				{
					"name": "hat_1",
					"parent": "hat",
					"pivot": [-3, 34, -3],
					"rotation": [-25, 0, 0],
					"cubes": [
						{
							"origin": [-3, 33, -3],
							"size": [6, 6, 6],
							"uv": {
								"north": {"uv": [54, 7], "uv_size": [6, 6]},
								"east": {"uv": [56, 6], "uv_size": [6, 6]},
								"south": {"uv": [52, 3], "uv_size": [6, 6]},
								"west": {"uv": [54, 4], "uv_size": [6, 6]},
								"up": {"uv": [60, 10], "uv_size": [-6, -6]},
								"down": {"uv": [60, 10], "uv_size": [-6, -6]}
							}
						}
					]
				},
				{
					"name": "hat_2",
					"parent": "hat_1",
					"pivot": [-1.5, 39, -1.5],
					"rotation": [-30, 0, 0],
					"cubes": [
						{
							"origin": [-1.5, 39, -1.5],
							"size": [3, 5, 3],
							"uv": {
								"north": {"uv": [59, 8], "uv_size": [3, 5]},
								"east": {"uv": [51, 8], "uv_size": [3, 5]},
								"south": {"uv": [59, 8], "uv_size": [3, 5]},
								"west": {"uv": [51, 8], "uv_size": [3, 5]},
								"up": {"uv": [55, 7], "uv_size": [-3, -3]},
								"down": {"uv": [54, 11], "uv_size": [-3, -3]}
							}
						}
					]
				},
				{
					"name": "bipedBody",
					"pivot": [0, 24, 0]
				},
				{
					"name": "armorBody",
					"parent": "bipedBody",
					"pivot": [0, 24, 0],
					"cubes": [
						{
							"origin": [-4, 12, -2],
							"size": [8, 12, 4],
							"inflate": 0.4,
							"uv": {
								"north": {"uv": [20, 20], "uv_size": [8, 12]},
								"east": {"uv": [16, 20], "uv_size": [4, 12]},
								"south": {"uv": [32, 20], "uv_size": [8, 12]},
								"west": {"uv": [28, 20], "uv_size": [4, 12]},
								"up": {"uv": [28, 20], "uv_size": [-8, -4]},
								"down": {"uv": [36, 20], "uv_size": [-8, -4]}
							}
						},
						{
							"origin": [-4, 11, -2],
							"size": [8, 13, 4],
							"inflate": 0.6,
							"uv": {
								"north": {"uv": [20, 36], "uv_size": [8, 12]},
								"east": {"uv": [16, 36], "uv_size": [4, 12]},
								"south": {"uv": [32, 36], "uv_size": [8, 12]},
								"west": {"uv": [28, 36], "uv_size": [4, 12]},
								"up": {"uv": [28, 36], "uv_size": [-8, -4]},
								"down": {"uv": [36, 36], "uv_size": [-8, -4]}
							}
						},
						{
							"origin": [-4, 8, -2],
							"size": [3, 6, 4],
							"inflate": 0.65,
							"pivot": [-0.2, 16.4, 0],
							"rotation": [0, 0, 5],
							"uv": {
								"north": {"uv": [21, 48], "uv_size": [3, 6]},
								"east": {"uv": [17, 48], "uv_size": [4, 6]},
								"south": {"uv": [14, 48], "uv_size": [3, 6]},
								"up": {"uv": [24, 58], "uv_size": [-3, -4]},
								"down": {"uv": [24, 58], "uv_size": [-3, -4]}
							}
						},
						{
							"origin": [1, 8, -2],
							"size": [3, 6, 4],
							"inflate": 0.65,
							"pivot": [-0.2, 16.4, 0],
							"rotation": [0, 0, -5],
							"uv": {
								"north": {"uv": [24, 48], "uv_size": [-3, 6]},
								"south": {"uv": [17, 48], "uv_size": [-3, 6]},
								"west": {"uv": [21, 48], "uv_size": [-4, 6]},
								"up": {"uv": [21, 58], "uv_size": [3, -4]},
								"down": {"uv": [21, 58], "uv_size": [3, -4]}
							}
						}
					]
				},
				{
					"name": "bipedLeftArm",
					"pivot": [5, 22, 0]
				},
				{
					"name": "armorLeftArm",
					"parent": "bipedLeftArm",
					"pivot": [4, 22, 0],
					"cubes": [
						{
							"origin": [4.6, 21, -2],
							"size": [4, 4, 4],
							"inflate": 0.75,
							"pivot": [4, 22, 0],
							"rotation": [0, 0, 5],
							"uv": {
								"north": {"uv": [48, 20], "uv_size": [-4, 4]},
								"east": {"uv": [48, 20], "uv_size": [4, 4]},
								"south": {"uv": [56, 20], "uv_size": [-4, 4]},
								"west": {"uv": [40, 20], "uv_size": [4, 4]},
								"up": {"uv": [48, 20], "uv_size": [-4, -4]},
								"down": {"uv": [52, 20], "uv_size": [-4, -4]}
							}
						},
						{
							"origin": [4.6, 15.5, -2],
							"size": [4, 5, 4],
							"inflate": 0.5,
							"pivot": [3.7, 19.3, 0],
							"rotation": [0, 0, -5],
							"uv": {
								"north": {"uv": [48, 35], "uv_size": [-4, 5]},
								"east": {"uv": [48, 35], "uv_size": [4, 5]},
								"south": {"uv": [56, 35], "uv_size": [-4, 5]},
								"west": {"uv": [40, 35], "uv_size": [4, 5]},
								"up": {"uv": [48, 35], "uv_size": [-4, -4]},
								"down": {"uv": [52, 35], "uv_size": [-4, -4]}
							}
						}
					]
				},
				{
					"name": "bipedRightArm",
					"pivot": [-5, 22, 0]
				},
				{
					"name": "armorRightArm",
					"parent": "bipedRightArm",
					"pivot": [-4, 22, 0],
					"cubes": [
						{
							"origin": [-8.4, 21, -2],
							"size": [4, 4, 4],
							"inflate": 0.75,
							"pivot": [-4, 22, 0],
							"rotation": [0, 0, -5],
							"uv": {
								"north": {"uv": [44, 20], "uv_size": [4, 4]},
								"east": {"uv": [40, 20], "uv_size": [4, 4]},
								"south": {"uv": [52, 20], "uv_size": [4, 4]},
								"west": {"uv": [48, 20], "uv_size": [4, 4]},
								"up": {"uv": [48, 20], "uv_size": [-4, -4]},
								"down": {"uv": [52, 20], "uv_size": [-4, -4]}
							}
						},
						{
							"origin": [-8.4, 15.5, -2],
							"size": [4, 5, 4],
							"inflate": 0.5,
							"pivot": [-3.7, 19.3, 0],
							"rotation": [0, 0, 5],
							"uv": {
								"north": {"uv": [44, 35], "uv_size": [4, 5]},
								"east": {"uv": [40, 35], "uv_size": [4, 5]},
								"south": {"uv": [52, 35], "uv_size": [4, 5]},
								"west": {"uv": [48, 35], "uv_size": [4, 5]},
								"up": {"uv": [48, 35], "uv_size": [-4, -4]},
								"down": {"uv": [52, 35], "uv_size": [-4, -4]}
							}
						}
					]
				},
				{
					"name": "bipedLeftLeg",
					"pivot": [2, 12, 0]
				},
				{
					"name": "armorLeftLeg",
					"parent": "bipedLeftLeg",
					"pivot": [2, 12, 0],
					"cubes": [
						{
							"origin": [0, 4, -2],
							"size": [4, 8, 4],
							"inflate": 0.3,
							"uv": {
								"north": {"uv": [4, 40], "uv_size": [4, 8]},
								"east": {"uv": [0, 40], "uv_size": [4, 8]},
								"south": {"uv": [12, 40], "uv_size": [4, 8]},
								"west": {"uv": [8, 40], "uv_size": [4, 8]},
								"up": {"uv": [8, 36], "uv_size": [-4, -4]},
								"down": {"uv": [12, 36], "uv_size": [-4, -4]}
							}
						},
						{
							"origin": [0, 6, -2],
							"size": [4, 6, 4],
							"inflate": 0.5,
							"uv": {
								"north": {"uv": [28, 52], "uv_size": [4, 7]},
								"east": {"uv": [32, 52], "uv_size": [4, 7]},
								"south": {"uv": [36, 52], "uv_size": [4, 7]},
								"west": {"uv": [24, 52], "uv_size": [4, 7]},
								"up": {"uv": [8, 36], "uv_size": [-4, -4]}
							}
						}
					]
				},
				{
					"name": "armorLeftBoot",
					"parent": "bipedLeftLeg",
					"pivot": [2, 12, 0],
					"cubes": [
						{
							"origin": [0, 0, -2],
							"size": [4, 12, 4],
							"inflate": 0.7,
							"uv": {
								"north": {"uv": [4, 20], "uv_size": [4, 12]},
								"east": {"uv": [0, 20], "uv_size": [4, 12]},
								"south": {"uv": [12, 20], "uv_size": [4, 12]},
								"west": {"uv": [8, 20], "uv_size": [4, 12]},
								"up": {"uv": [8, 20], "uv_size": [-4, -4]},
								"down": {"uv": [12, 20], "uv_size": [-4, -4]}
							}
						},
						{
							"origin": [0, 0, -2],
							"size": [4, 12, 4],
							"inflate": 0.7,
							"uv": {
								"north": {"uv": [4, 20], "uv_size": [4, 12]},
								"east": {"uv": [0, 20], "uv_size": [4, 12]},
								"south": {"uv": [12, 20], "uv_size": [4, 12]},
								"west": {"uv": [8, 20], "uv_size": [4, 12]},
								"up": {"uv": [8, 20], "uv_size": [-4, -4]},
								"down": {"uv": [12, 20], "uv_size": [-4, -4]}
							}
						}
					]
				},
				{
					"name": "bipedRightLeg",
					"pivot": [-2, 12, 0]
				},
				{
					"name": "armorRightLeg",
					"parent": "bipedRightLeg",
					"pivot": [-2, 12, 0],
					"cubes": [
						{
							"origin": [-4, 4, -2],
							"size": [4, 8, 4],
							"inflate": 0.3,
							"uv": {
								"north": {"uv": [4, 40], "uv_size": [4, 8]},
								"east": {"uv": [0, 40], "uv_size": [4, 8]},
								"south": {"uv": [12, 40], "uv_size": [4, 8]},
								"west": {"uv": [8, 40], "uv_size": [4, 8]},
								"up": {"uv": [8, 36], "uv_size": [-4, -4]},
								"down": {"uv": [12, 36], "uv_size": [-4, -4]}
							}
						},
						{
							"origin": [-4, 6, -2],
							"size": [4, 6, 4],
							"inflate": 0.5,
							"uv": {
								"north": {"uv": [32, 52], "uv_size": [-4, 7]},
								"east": {"uv": [28, 52], "uv_size": [-4, 7]},
								"south": {"uv": [40, 52], "uv_size": [-4, 7]},
								"west": {"uv": [36, 52], "uv_size": [-4, 7]},
								"up": {"uv": [8, 36], "uv_size": [-4, -4]}
							}
						}
					]
				},
				{
					"name": "armorRightBoot",
					"parent": "bipedRightLeg",
					"pivot": [-2, 12, 0],
					"cubes": [
						{
							"origin": [-4, 0, -2],
							"size": [4, 12, 4],
							"inflate": 0.6,
							"uv": {
								"north": {"uv": [4, 20], "uv_size": [4, 12]},
								"east": {"uv": [0, 20], "uv_size": [4, 12]},
								"south": {"uv": [12, 20], "uv_size": [4, 12]},
								"west": {"uv": [8, 20], "uv_size": [4, 12]},
								"up": {"uv": [8, 20], "uv_size": [-4, -4]},
								"down": {"uv": [12, 20], "uv_size": [-4, -4]}
							}
						}
					]
				}
			]
		}
	]
}